{
  "cell": "d170_T319",
  "A": [
    0,
    2,
    3,
    4,
    5,
    6,
    7,
    8,
    9,
    10
  ],
  "B": 21,
  "d": 170,
  "T": 319,
  "density": 1.8764705882352941,
  "Nplus": "513222055250665661394338313705407386457456580655766655930102292845881854933518655954344329233884867695013532628053408993598659267350650105130742431796186868452334120",
  "Nminus": "4992362295221039611121556163893502372319130925449625515891744661865797232947649279078264180800823784565863430731550245729316947847032451907231871700445672382863363013642632938480192584038711293667086477149",
  "maxU": "299398837060291872846178561783691245725638539367824891926295758712030449358393381946081603894218858818230445127935822610937150211287378101456059961075084581703727271441429271685816421703303030896004530512337722816011981326759",
  "value_float": 1.1779005456617866,
  "value_record_float": 1.1740744476935212,
  "sumset_elapsed_s": 1444.3243260383606,
  "done": true
}