{
  "A": [
    0,
    2,
    3,
    4,
    5,
    6,
    7,
    8,
    9,
    10
  ],
  "B": 21,
  "d": 170,
  "cells": {
    "319": {
      "T": 319,
      "density": 1.8764705882352941,
      "Nminus": "4992362295221039611121556163893502372319130925449625515891744661865797232947649279078264180800823784565863430731550245729316947847032451907231871700445672382863363013642632938480192584038711293667086477149",
      "maxU": "299398837060291872846178561783691245725638539367824891926295758712030449358393381946081603894218858818230445127935822610937150211287378101456059961075084581703727271441429271685816421703303030896004530512337722816011981326759",
      "elapsed_s": 185.89159202575684
    }
  }
}