{
  "PRIMARY": {
    "A": [
      0,
      2,
      3,
      4,
      5,
      6,
      7,
      8,
      9,
      10
    ],
    "B": 21,
    "d": 100,
    "T": 187,
    "density": 1.875,
    "Nplus": "1809676398856174550300417555449738879384136473841359582569119926015537272761458027460646645303559",
    "Nminus": "283200275148368195620519608709969845295570791228221500087826652456730765783899422053982917843756754727394748462150287419",
    "maxU": "833488242198168679597985613642005906426102127082424744776204497944077206892606506869265781425216988516305693554824753642250830689327",
    "value_float": 1.1754209217852494,
    "wedge_c": "5877/5000",
    "wedge_c_float": 1.1754,
    "wedge_p": 877,
    "wedge_q": 5000,
    "strict_beat": true
  },
  "SECONDARY": {
    "A": [
      0,
      2,
      3,
      4,
      5,
      6,
      7,
      8,
      9,
      10
    ],
    "B": 21,
    "d": 100,
    "T": 180,
    "density": 1.8,
    "Nplus": "42684075748030273733262464262769922403813974652717898453271523107243112097658493966920940784634",
    "Nminus": "5694598911453681078971755541358869293424920932632340916642164131747561459897548337189365212817258963512114861628985239",
    "maxU": "833488242198168679597984732875251190111005713418323219997248024470098591607491653974764279643224059168016162619378048295546136485980",
    "value_float": 1.1748968370899104,
    "wedge_c": "2937/2500",
    "wedge_c_float": 1.1748,
    "wedge_p": 437,
    "wedge_q": 2500,
    "strict_beat": true
  },
  "record_cell": {
    "A": [
      0,
      2,
      3,
      4,
      5,
      6,
      7,
      8,
      9,
      10
    ],
    "B": 21,
    "d": 80,
    "T": 150,
    "value_float": 1.1740744476935212
  },
  "claim": "C_3a >= 5877/5000 = 1.1754 > 1.1740744476935212 (verified record [G2026]). Exact-integer certified (carry-free B=21>2*max(A)=20)."
}