{
  "A": [
    0,
    2,
    3,
    4,
    5,
    6,
    7,
    8,
    9,
    10
  ],
  "B": 21,
  "d": 180,
  "cells": {
    "338": {
      "T": 338,
      "density": 1.8777777777777778,
      "Nminus": "8248240679967974277485699424754935580998771572631459094585545888625222374779568379760322876817313573352132768751600734164606953606850207393082450474878534216196830910154480951791069244106713758550183965483719866727003",
      "maxU": "4993936967177463015264087179129271251122731313032668164185127052611728840178697130939323017816271893900650648306826367475234346919520016876351524059866629359594159086400180406387334867036006166959498404182549629144468377460786574280471498",
      "elapsed_s": 247.14011311531067
    }
  }
}