{
  "A": [
    0,
    2,
    3,
    4,
    5,
    6,
    7,
    8,
    9,
    10
  ],
  "B": 21,
  "d": 160,
  "cells": {
    "299": {
      "T": 299,
      "density": 1.86875,
      "Nminus": "1781025798412321124077727309331169668660825550758906604614005833241019743625147956719651308246772177426306922415803892116756063971030449297962436693531180076368861027170077825270004759932198831",
      "maxU": "17949698649023776230552715563948561281939608318096086350146521375703679418804144325416908315907894613388032264398369135565675339024834682900147179110857475137987073101240065142286993090836414381867239670048070699",
      "elapsed_s": 234.63172960281372
    },
    "300": {
      "T": 300,
      "density": 1.875,
      "Nminus": "3030412732912650477211975837493006993252975840035291439105177280933556263747512955701932049492949845980884616957392137925030622201783488851983963872810346145171547427112817869802447505630845519",
      "maxU": "17949698649023776230552715563948561281947344173000351726903398034728261259256554760983917945067654285372290288373623831165621155833000073550257033163444074802729625048858439786084133449869949398013097758417507300",
      "elapsed_s": 227.2233738899231
    }
  }
}