{
  "cell": "d140_T263",
  "A": [
    0,
    2,
    3,
    4,
    5,
    6,
    7,
    8,
    9,
    10
  ],
  "B": 21,
  "d": 140,
  "T": 263,
  "density": 1.8785714285714286,
  "Nplus": "3134964631416341157347896012445129330079198543361818679368635051359477236592630515798738179031612773450441996030492777384237480067723465",
  "Nminus": "1917727135747547616406943410757865790239803964286902231799394250495503136907988109943303932312311534932990938532498712842732855094364549316265313097912793764577082149931",
  "maxU": "64516569533889487833393828142223439783902685347643508039836208175980509513559182519359802979879314759887696623968078168342677322038173530072092398992745205512807139631466507280163106443",
  "value_float": 1.1771186319558318,
  "value_record_float": 1.1740744476935212,
  "elapsed_s": 510.33762407302856,
  "done": true
}